{
  "timestamp": "20260226_142459",
  "model_family": "hetero_hgt",
  "graph_path": "C:\\Users\\Rinatoh computer\\Desktop\\ECESSP\\ecessp-ml\\graphs\\battery_hetero_graph_v1.pt",
  "device": "cpu",
  "system_feature_dim": 9,
  "best_epoch": 0,
  "best_val_loss": 3.975393533706665,
  "best_checkpoint": "C:\\Users\\Rinatoh computer\\Desktop\\ECESSP\\ecessp-ml\\reports\\models\\hgt_best_20260226_142459.pt",
  "evaluation_metrics": {
    "iid": {
      "normalized_space": {
        "average_voltage": {
          "mae": 0.8327241539955139,
          "rmse": 1.0107824802398682,
          "mape_percent": 66.51190185546875,
          "r2": -0.013390196967514756,
          "pearson_r": 0.32202579194958597
        },
        "capacity_grav": {
          "mae": 1.0229581594467163,
          "rmse": 2.2330493927001953,
          "mape_percent": 55.721038818359375,
          "r2": 0.053653880242623075,
          "pearson_r": 0.44806683663456576
        },
        "capacity_vol": {
          "mae": 0.9364111423492432,
          "rmse": 1.583552360534668,
          "mape_percent": 60.03398895263672,
          "r2": 0.10134251064653577,
          "pearson_r": 0.4208699189448546
        },
        "energy_grav": {
          "mae": 0.800103485584259,
          "rmse": 1.141740322113037,
          "mape_percent": 62.2920036315918,
          "r2": -0.027870213679187517,
          "pearson_r": 0.09245622385411797
        },
        "energy_vol": {
          "mae": 0.8956933617591858,
          "rmse": 1.1476227045059204,
          "mape_percent": 74.02234649658203,
          "r2": 0.010613957668651364,
          "pearson_r": 0.2727995212131573
        },
        "stability_charge": {
          "mae": 1.5145070552825928,
          "rmse": 3.8097031116485596,
          "mape_percent": 85.79412078857422,
          "r2": 0.006571460588552069,
          "pearson_r": 0.10180509270912307
        },
        "stability_discharge": {
          "mae": 1.1964271068572998,
          "rmse": 2.202725410461426,
          "mape_percent": 78.87944793701172,
          "r2": 0.015779633254674574,
          "pearson_r": 0.13692300367105262
        },
        "overall_micro": {
          "mae": 1.0284035205841064,
          "rmse": 2.0874550342559814,
          "mape_percent": 69.03640747070312,
          "r2": 0.039747714200737416,
          "pearson_r": 0.20328928529075316
        }
      },
      "raw_space": {
        "average_voltage": {
          "mae": 1.221998694310211,
          "rmse": 1.4832940274070685,
          "mape_percent": 81.55045795576686,
          "r2": -0.01339022500941911,
          "pearson_r": 0.32202579194958597
        },
        "capacity_grav": {
          "mae": 68.27744479349093,
          "rmse": 149.04508585809774,
          "mape_percent": 57.60179995894744,
          "r2": 0.0536539249625384,
          "pearson_r": 0.44806683663456587
        },
        "capacity_vol": {
          "mae": 253.62309830735214,
          "rmse": 428.8986088456664,
          "mape_percent": 62.07475958190201,
          "r2": 0.10134251084150736,
          "pearson_r": 0.42086991894485454
        },
        "energy_grav": {
          "mae": 231.40500638379538,
          "rmse": 330.21278764949506,
          "mape_percent": 205.75415598471255,
          "r2": -0.02787030510777755,
          "pearson_r": 0.092456223854118
        },
        "energy_vol": {
          "mae": 931.3468714985745,
          "rmse": 1193.3044756054667,
          "mape_percent": 228.87024363929837,
          "r2": 0.010613911578359891,
          "pearson_r": 0.2727995212131573
        },
        "stability_charge": {
          "mae": 0.11062922344041022,
          "rmse": 0.2782849446544358,
          "mape_percent": 9.4709558757687,
          "r2": 0.0065714330843260615,
          "pearson_r": 0.10180509270912308
        },
        "stability_discharge": {
          "mae": 0.11106610296580162,
          "rmse": 0.20448226437924555,
          "mape_percent": 10.426024748438035,
          "r2": 0.015779637063793706,
          "pearson_r": 0.13692300367105265
        },
        "overall_micro": {
          "mae": 212.29944500056135,
          "rmse": 498.4528678581589,
          "mape_percent": 93.6783425349763,
          "r2": 0.4797610142470834,
          "pearson_r": 0.7024223786630046
        }
      }
    },
    "ood": {
      "normalized_space": {
        "average_voltage": {
          "mae": 0.7608007192611694,
          "rmse": 0.925762951374054,
          "mape_percent": 63.12685012817383,
          "r2": 0.022715310069878925,
          "pearson_r": 0.21503471889556158
        },
        "capacity_grav": {
          "mae": 0.9782721400260925,
          "rmse": 1.8201674222946167,
          "mape_percent": 60.992042541503906,
          "r2": 0.07426847260792302,
          "pearson_r": 0.34464808704878414
        },
        "capacity_vol": {
          "mae": 0.9410547614097595,
          "rmse": 1.374903917312622,
          "mape_percent": 67.8503189086914,
          "r2": 0.12207239726527608,
          "pearson_r": 0.43192028642480834
        },
        "energy_grav": {
          "mae": 0.7817593812942505,
          "rmse": 1.1378231048583984,
          "mape_percent": 57.51802444458008,
          "r2": -0.10004788620079208,
          "pearson_r": 0.06901579142703475
        },
        "energy_vol": {
          "mae": 0.8319901823997498,
          "rmse": 1.025409460067749,
          "mape_percent": 69.54244995117188,
          "r2": -0.019107979754370064,
          "pearson_r": 0.17402942277512443
        },
        "stability_charge": {
          "mae": 1.575280785560608,
          "rmse": 2.6691479682922363,
          "mape_percent": 105.71267700195312,
          "r2": -0.012928201952812968,
          "pearson_r": 0.025958923988062984
        },
        "stability_discharge": {
          "mae": 1.2460403442382812,
          "rmse": 1.8613965511322021,
          "mape_percent": 88.63058471679688,
          "r2": -0.009327198307458096,
          "pearson_r": 0.11930864851082015
        },
        "overall_micro": {
          "mae": 1.016456961631775,
          "rmse": 1.6473207473754883,
          "mape_percent": 73.3389892578125,
          "r2": 0.019256417563627615,
          "pearson_r": 0.1548562879051138
        }
      },
      "raw_space": {
        "average_voltage": {
          "mae": 1.1164531122262513,
          "rmse": 1.3585303157637292,
          "mape_percent": 63.16914313563188,
          "r2": 0.02271532330081172,
          "pearson_r": 0.2150347188955615
        },
        "capacity_grav": {
          "mae": 65.29486673455537,
          "rmse": 121.48724236407467,
          "mape_percent": 66.88104065981764,
          "r2": 0.07426852885275836,
          "pearson_r": 0.3446480870487842
        },
        "capacity_vol": {
          "mae": 254.880795986836,
          "rmse": 372.3870563131648,
          "mape_percent": 76.09096580371016,
          "r2": 0.1220723433517904,
          "pearson_r": 0.43192028642480834
        },
        "energy_grav": {
          "mae": 226.09952987306906,
          "rmse": 329.0798694684525,
          "mape_percent": 124.2286636342385,
          "r2": -0.10004782578114346,
          "pearson_r": 0.06901579142703473
        },
        "energy_vol": {
          "mae": 865.1080009969679,
          "rmse": 1066.226498692038,
          "mape_percent": 175.6240657930473,
          "r2": -0.01910801781380922,
          "pearson_r": 0.1740294227751245
        },
        "stability_charge": {
          "mae": 0.11506853075035098,
          "rmse": 0.19497154505631342,
          "mape_percent": 11.097475882624718,
          "r2": -0.01292819641234888,
          "pearson_r": 0.025958923988063
        },
        "stability_discharge": {
          "mae": 0.11567177094006317,
          "rmse": 0.17279620144635474,
          "mape_percent": 11.412292225485706,
          "r2": -0.009327249609890842,
          "pearson_r": 0.11930864851082025
        },