{
  "timestamp": "20260227_170840",
  "model_family": "hetero_hgt",
  "graph_path": "C:\\Users\\Rinatoh computer\\Desktop\\ECESSP\\ecessp-ml\\graphs\\battery_hetero_graph_v1.pt",
  "device": "cpu",
  "system_feature_dim": 9,
  "best_epoch": 157,
  "best_val_loss": 1.149461030960083,
  "best_checkpoint": "C:\\Users\\Rinatoh computer\\Desktop\\ECESSP\\ecessp-ml\\reports\\models\\hgt_best_20260227_170840.pt",
  "evaluation_metrics": {
    "iid": {
      "normalized_space": {
        "average_voltage": {
          "mae": 0.4321831166744232,
          "rmse": 0.568877100944519,
          "mape_percent": 37.42900085449219,
          "r2": 0.6790050178911023,
          "pearson_r": 0.8274103048479301
        },
        "capacity_grav": {
          "mae": 0.378394216299057,
          "rmse": 1.150101661682129,
          "mape_percent": 20.58171844482422,
          "r2": 0.7489698960257227,
          "pearson_r": 0.8793030253627985
        },
        "capacity_vol": {
          "mae": 0.3156836926937103,
          "rmse": 0.7074370384216309,
          "mape_percent": 20.758621215820312,
          "r2": 0.8206485291212495,
          "pearson_r": 0.9069092853551669
        },
        "energy_grav": {
          "mae": 0.33247071504592896,
          "rmse": 0.5512486696243286,
          "mape_percent": 27.342138290405273,
          "r2": 0.7603934314168923,
          "pearson_r": 0.8750399705880938
        },
        "energy_vol": {
          "mae": 0.3417787253856659,
          "rmse": 0.5284884572029114,
          "mape_percent": 28.609149932861328,
          "r2": 0.7901840341877363,
          "pearson_r": 0.8921957980465138
        },
        "stability_charge": {
          "mae": 0.7616567611694336,
          "rmse": 2.498023509979248,
          "mape_percent": 39.368858337402344,
          "r2": 0.5728824340082688,
          "pearson_r": 0.8534299885746973
        },
        "stability_discharge": {
          "mae": 0.5303376913070679,
          "rmse": 1.199742078781128,
          "mape_percent": 32.96007537841797,
          "r2": 0.7080238439027058,
          "pearson_r": 0.8642753207735956
        },
        "overall_micro": {
          "mae": 0.44178643822669983,
          "rmse": 1.219455361366272,
          "mape_percent": 29.578510284423828,
          "r2": 0.6722950668246594,
          "pearson_r": 0.8448512901538203
        }
      },
      "raw_space": {
        "average_voltage": {
          "mae": 0.6342161967864,
          "rmse": 0.8348107028011909,
          "mape_percent": 30.976879059731075,
          "r2": 0.6790050266809143,
          "pearson_r": 0.8274103048479305
        },
        "capacity_grav": {
          "mae": 25.255957562915363,
          "rmse": 76.76363906658615,
          "mape_percent": 18.2816804185839,
          "r2": 0.7489699158492429,
          "pearson_r": 0.8793030253627986
        },
        "capacity_vol": {
          "mae": 85.50162389156348,
          "rmse": 191.6063941923256,
          "mape_percent": 18.564867277618053,
          "r2": 0.8206485389730215,
          "pearson_r": 0.9069092853551668
        },
        "energy_grav": {
          "mae": 96.1567793202684,
          "rmse": 159.43149720500168,
          "mape_percent": 56.473679452339134,
          "r2": 0.760393390601479,
          "pearson_r": 0.8750399705880938
        },
        "energy_vol": {
          "mae": 355.3833968550907,
          "rmse": 549.5252156380291,
          "mape_percent": 56.3916917227606,
          "r2": 0.7901840444401675,
          "pearson_r": 0.8921957980465137
        },
        "stability_charge": {
          "mae": 0.055636253233343355,
          "rmse": 0.182471533335566,
          "mape_percent": 4.462576499514022,
          "r2": 0.5728824029752753,
          "pearson_r": 0.853429988574697
        },
        "stability_discharge": {
          "mae": 0.04923203735056863,
          "rmse": 0.11137383441129232,
          "mape_percent": 4.53737225418952,
          "r2": 0.7080238360290284,
          "pearson_r": 0.8642753207735958
        },
        "overall_micro": {
          "mae": 80.43383458817262,
          "rmse": 229.90767529289468,
          "mape_percent": 27.09839238353376,
          "r2": 0.8893219149480155,
          "pearson_r": 0.9440314830555463
        }
      }
    },
    "ood": {
      "normalized_space": {
        "average_voltage": {
          "mae": 0.49791669845581055,
          "rmse": 0.6316288113594055,
          "mape_percent": 43.810611724853516,
          "r2": 0.5450691388150537,
          "pearson_r": 0.7772912186020824
        },
        "capacity_grav": {
          "mae": 0.7580226063728333,
          "rmse": 1.1659141778945923,
          "mape_percent": 60.63084411621094,
          "r2": 0.6201644702554425,
          "pearson_r": 0.8561226509266207
        },
        "capacity_vol": {
          "mae": 0.7473416924476624,
          "rmse": 1.1319562196731567,
          "mape_percent": 61.12065887451172,
          "r2": 0.40492282135537694,
          "pearson_r": 0.8148839054609271
        },
        "energy_grav": {
          "mae": 0.4081062376499176,
          "rmse": 0.6069958209991455,
          "mape_percent": 34.458221435546875,
          "r2": 0.6869357643949958,
          "pearson_r": 0.8411557570155963
        },
        "energy_vol": {
          "mae": 0.4256690740585327,
          "rmse": 0.6170447468757629,
          "mape_percent": 37.0673828125,
          "r2": 0.6309723964983511,
          "pearson_r": 0.8383262589874154
        },
        "stability_charge": {
          "mae": 0.5703970193862915,
          "rmse": 1.2670091390609741,
          "mape_percent": 36.56854248046875,
          "r2": 0.7717594117758664,
          "pearson_r": 0.9081085637812231
        },
        "stability_discharge": {
          "mae": 0.5659209489822388,
          "rmse": 1.0588550567626953,
          "mape_percent": 39.64027404785156,
          "r2": 0.6733917268679555,
          "pearson_r": 0.8291118505456898
        },
        "overall_micro": {
          "mae": 0.5676249265670776,
          "rmse": 0.9647583961486816,
          "mape_percent": 44.756649017333984,
          "r2": 0.6636153188504286,
          "pearson_r": 0.8221204898384434
        }
      },
      "raw_space": {
        "average_voltage": {
          "mae": 0.7306783411301132,
          "rmse": 0.9268970518235459,
          "mape_percent": 30.106429172677224,
          "r2": 0.5450691142687349,
          "pearson_r": 0.7772912186020823
        },
        "capacity_grav": {
          "mae": 50.59428927446083,
          "rmse": 77.81905383128645,
          "mape_percent": 42.81563393965976,
          "r2": 0.6201644824564732,
          "pearson_r": 0.8561226509266201
        },
        "capacity_vol": {
          "mae": 202.41440694697934,
          "rmse": 306.58567764809976,
          "mape_percent": 45.54852610509231,
          "r2": 0.4049228126725062,
          "pearson_r": 0.8148839054609267
        },
        "energy_grav": {
          "mae": 118.03200140748196,
          "rmse": 175.55461562274584,
          "mape_percent": 52.56820862104292,
          "r2": 0.6869357773179479,
          "pearson_r": 0.8411557570155962
        },
        "energy_vol": {
          "mae": 442.61307587416,
          "rmse": 641.6065508407725,
          "mape_percent": 52.318990206240656,
          "r2": 0.6309723956716413,
          "pearson_r": 0.8383262589874155
        },
        "stability_charge": {
          "mae": 0.04166542638616327,
          "rmse": 0.09255041274263803,
          "mape_percent": 3.943666296773614,
          "r2": 0.7717593929222393,
          "pearson_r": 0.9081085637812227
        },
        "stability_discharge": {
          "mae": 0.05253527701505145,
          "rmse": 0.09829508174348113,
          "mape_percent": 5.155051847315571,
          "r2": 0.6733917186586238,
          "pearson_r": 0.8291118505456906
        },
        "overall_micro": {
          "mae": 116.35409322108762,